id,new_invoice_number
843,PG/25-26/153
851,PG/25-26/154
1007,PG/25-26/155
1009,PG/25-26/156
1052,PG/25-26/157
1190,PG/25-26/158
1290,PG/25-26/159
1321,PG/25-26/160
1335,PG/25-26/161
1450,PG/25-26/162
1486,PG/25-26/163
1547,PG/25-26/164
1555,PG/25-26/165
1572,PG/25-26/166
1594,PG/25-26/167
1626,PG/25-26/168
1630,PG/25-26/169
1692,PG/25-26/170
1761,PG/25-26/171
2058,PG/25-26/172
2066,PG/25-26/173
2073,PG/25-26/174
2092,PG/25-26/175
2101,PG/25-26/176
2126,PG/25-26/177
2191,PG/25-26/178
2230,PG/25-26/179
2270,PG/25-26/180
2289,PG/25-26/181
2357,PG/25-26/182
2390,PG/25-26/183
2406,PG/25-26/184
2461,PG/25-26/185
2499,PG/25-26/186
2683,PG/25-26/187
2713,PG/25-26/188
2728,PG/25-26/189
2876,PG/25-26/190
2890,PG/25-26/191
2900,PG/25-26/192
3046,PG/25-26/193
3058,PG/25-26/194
7913,PG/25-26/195