id,old_invoice_number,new_invoice_number
1009,GNJCRM/25-26/173,PG/25-26/156
1052,GNJCRM/25-26/187,PG/25-26/157
1190,GNJCRM/25-26/246,PG/25-26/158
1290,GNJCRM/25-26/304,PG/25-26/159
1321,GNJCRM/25-26/323,PG/25-26/160
1335,GNJCRM/25-26/327,PG/25-26/161
1450,GNJCRM/25-26/389,PG/25-26/162
1486,GNJCRM/25-26/408,PG/25-26/163
1547,GNJCRM/25-26/435,PG/25-26/164
1555,GNJCRM/25-26/438,PG/25-26/165
1572,GNJCRM/25-26/446,PG/25-26/166
1594,GNJCRM/25-26/452,PG/25-26/167
1626,GNJCRM/25-26/470,PG/25-26/168
1630,GNJCRM/25-26/471,PG/25-26/169
1692,GNJCRM/25-26/507,PG/25-26/170
1761,GNJCRM/25-26/548,PG/25-26/171
2058,GNJCRM/25-26/678,PG/25-26/172
2066,GNJCRM/25-26/685,PG/25-26/173
2073,GNJCRM/25-26/690,PG/25-26/174
2092,GNJCRM/25-26/705,PG/25-26/175
2101,GNJCRM/25-26/712,PG/25-26/176
2126,GNJCRM/25-26/729,PG/25-26/177
2191,GNJCRM/25-26/759,PG/25-26/178
2230,GNJCRM/25-26/777,PG/25-26/179
2270,GNJCRM/25-26/796,PG/25-26/180
2289,GNJCRM/25-26/807,PG/25-26/181
2357,GNJCRM/25-26/835,PG/25-26/182
2390,GNJCRM/25-26/850,PG/25-26/183
2406,GNJCRM/25-26/861,PG/25-26/184
2461,GNJCRM/25-26/897,PG/25-26/185
2499,GNJCRM/25-26/912,PG/25-26/186
2683,GNJCRM/25-26/993,PG/25-26/187
2713,GNJCRM/25-26/1005,PG/25-26/188
2728,GNJCRM/25-26/1016,PG/25-26/189
2876,GNJCRM/25-26/1089,PG/25-26/190
2890,GNJCRM/25-26/1093,PG/25-26/191
2900,GNJCRM/25-26/1099,PG/25-26/192
3046,GNJCRM/25-26/1184,PG/25-26/193
3058,GNJCRM/25-26/1187,PG/25-26/194
7913,GNJCRM/25-26/1240,PG/25-26/195