Camp Code,test,Start Date (DD-MM-YYYY),End Date (DD-MM-YYYY),Activity Status 
2024/UPD/GBG /013,11-10-2024,11-10-2024 10:00:00,11-10-2024,11-10-2024 16:00:00,Completed
2025/WEB/GBG /030,24-01-2025,24-01-2025 10:00:00,24-01-2025,24-01-2025 16:00:00,Completed
2025/WEB/Know/026,11-01-2025,11-01-2025 10:00:00,11-01-2025,11-01-2025 16:00:00,Completed
2024/WEB/GBG /012,06-04-2024,06-04-2024 10:00:00,06-04-2024,06-04-2024 16:00:00,Completed
2025/TLG/Othe/043,07-12-2024,07-12-2024 10:00:00,07-12-2024,07-12-2024 16:00:00,Completed
2024/WEB/GBG /028,28-12-2024,28-12-2024 10:00:00,29-12-2024,28-12-2024 16:00:00,Completed
2025/TLG/Othe/037,19-12-2024,19-12-2024 10:00:00,19-12-2024,19-12-2024 16:00:00,Completed
2024/TLG/Othe/035,12-06-2024,12-06-2024 10:00:00,12-06-2024,12-06-2024 16:00:00,Completed
2024/TND/Othe/059,19-10-2024,19-10-2024 10:00:00,19-10-2024,19-10-2024 16:00:00,Completed
2024/TND/Othe/062,06-10-2024,06-10-2024 10:00:00,06-10-2024,06-10-2024 16:00:00,Completed
2024/TND/Othe/039,26-10-2024,26-10-2024 10:00:00,26-10-2024,26-10-2024 16:00:00,Completed
2024/TND/Othe/052,27-10-2024,27-10-2024 10:00:00,27-10-2024,27-10-2024 16:00:00,Completed
2024/TND/Othe/053,27-10-2024,27-10-2024 10:00:00,27-10-2024,27-10-2024 16:00:00,Completed
2024/TND/Othe/054,27-10-2024,27-10-2024 10:00:00,27-10-2024,27-10-2024 16:00:00,Completed
2024/TND/Othe/050,19-10-2024,19-10-2024 10:00:00,19-10-2024,19-10-2024 16:00:00,Completed
2025/TND/Othe/070,04-01-2025,04-01-2025 10:00:00,04-01-2025,04-01-2025 16:00:00,Completed
2024/TND/Othe/044,26-10-2024,26-10-2024 10:00:00,26-10-2024,26-10-2024 16:00:00,Completed
2024/TND/Othe/043,27-10-2024,27-10-2024 10:00:00,27-10-2024,27-10-2024 16:00:00,Completed
2025/TND/Othe/076,01-02-2025,01-02-2025 10:00:00,01-02-2025,01-02-2025 16:00:00,Completed
2024/TND/Othe/056,27-10-2024,27-10-2024 10:00:00,27-10-2024,27-10-2024 16:00:00,Completed
2024/TND/Othe/040,27-10-2024,27-10-2024 10:00:00,27-10-2024,27-10-2024 16:00:00,Completed
2024/TND/Othe/058,27-10-2024,27-10-2024 10:00:00,27-10-2024,27-10-2024 16:00:00,Completed
2025/TND/Othe/072,25-01-2025,25-01-2025 10:00:00,26-01-2025,25-01-2025 16:00:00,Completed
2024/TND/Othe/064,02-10-2024,02-10-2024 10:00:00,02-10-2024,02-10-2024 16:00:00,Completed
2024/TND/Othe/049,20-10-2024,20-10-2024 10:00:00,20-10-2024,20-10-2024 16:00:00,Completed
2024/TND/Othe/045,25-10-2024,25-10-2024 10:00:00,26-10-2024,25-10-2024 16:00:00,Completed
2025/TLG/Othe/041,25-01-2025,25-01-2025 10:00:00,25-01-2025,25-01-2025 16:00:00,Completed
2024/TND/Othe/061,27-10-2024,27-10-2024 10:00:00,27-10-2024,27-10-2024 16:00:00,Completed
2024/TND/Othe/051,06-10-2024,06-10-2024 10:00:00,06-10-2024,06-10-2024 16:00:00,Completed
2024/TND/Othe/036,29-09-2024,29-09-2024 10:00:00,29-09-2024,29-09-2024 16:00:00,Completed
2024/TND/Othe/057,20-10-2024,20-10-2024 10:00:00,20-10-2024,20-10-2024 16:00:00,Completed
2024/TND/Othe/068,21-12-2024,21-12-2024 10:00:00,21-12-2024,21-12-2024 16:00:00,Completed
2024/TND/Othe/055,27-10-2024,27-10-2024 10:00:00,27-10-2024,27-10-2024 16:00:00,Completed
2024/TND/Othe/047,02-10-2024,02-10-2024 10:00:00,02-10-2024,02-10-2024 16:00:00,Completed
2025/TLG/Othe/036,13-12-2024,13-12-2024 10:00:00,13-12-2024,13-12-2024 16:00:00,Completed
2025/TND/Othe/071,05-01-2025,05-01-2025 10:00:00,05-01-2025,05-01-2025 16:00:00,Completed
2024/TND/Othe/046,02-10-2024,02-10-2024 10:00:00,02-10-2024,02-10-2024 16:00:00,Completed
2024/TND/Othe/060,27-10-2024,27-10-2024 10:00:00,27-10-2024,27-10-2024 16:00:00,Completed
2025/TND/Othe/081,02-03-2025,02-03-2025 10:00:00,02-03-2025,02-03-2025 16:00:00,Completed
2024/TND/Othe/048,20-10-2024,20-10-2024 10:00:00,20-10-2024,20-10-2024 16:00:00,Completed
2024/TND/Othe/063,05-10-2024,05-10-2024 10:00:00,06-10-2024,05-10-2024 16:00:00,Completed
2025/WEB/Chup/002,19-02-2025,19-02-2025 10:00:00,19-02-2025,19-02-2025 16:00:00,Completed
2024/MHR/Chup/008,28-05-2024,28-05-2024 10:00:00,28-05-2024,28-05-2024 16:00:00,Completed
2024/TND/Chup/012,23-12-2024,23-12-2024 10:00:00,23-12-2024,23-12-2024 16:00:00,Completed
2024/DEL/Chup/007,24-08-2024,24-08-2024 10:00:00,24-08-2024,24-08-2024 16:00:00,Completed
2025/DEL/Chup/010,21-11-2024,21-11-2024 10:00:00,21-11-2024,21-11-2024 16:00:00,Completed
2024/DEL/Chup/001,20-07-2024,20-07-2024 10:00:00,20-07-2024,20-07-2024 16:00:00,Completed
2024/DEL/Chup/002,29-07-2024,29-07-2024 10:00:00,29-07-2024,29-07-2024 16:00:00,Completed
2025/DEL/Chup/012,16-12-2024,16-12-2024 10:00:00,16-12-2024,16-12-2024 16:00:00,Completed
2025/DEL/Chup/011,24-10-2024,24-10-2024 10:00:00,24-10-2024,24-10-2024 16:00:00,Completed
2024/DEL/Chup/008,28-08-2024,28-08-2024 10:00:00,28-08-2024,28-08-2024 16:00:00,Completed
2024/DEL/GBG /040,21-12-2024,21-12-2024 10:00:00,21-12-2024,21-12-2024 16:00:00,Completed
2025/TND/GBG /079,05-01-2025,05-01-2025 10:00:00,05-01-2025,05-01-2025 16:00:00,Completed
2024/UPD/GBG /012,12-09-2024,12-09-2024 10:00:00,12-09-2024,12-09-2024 16:00:00,Completed
2024/TND/GBG /071,10-11-2024,10-11-2024 10:00:00,10-11-2024,10-11-2024 16:00:00,Completed
2024/TND/GBG /055,19-10-2024,19-10-2024 10:00:00,19-10-2024,19-10-2024 16:00:00,Completed
2024/TND/GBG /067,06-10-2024,06-10-2024 10:00:00,06-10-2024,06-10-2024 16:00:00,Completed
2024/TND/GBG /031,17-08-2024,17-08-2024 10:00:00,17-08-2024,17-08-2024 16:00:00,Completed
2024/TND/GBG /060,27-10-2024,27-10-2024 10:00:00,27-10-2024,27-10-2024 16:00:00,Completed
2024/TND/GBG /061,27-10-2024,27-10-2024 10:00:00,27-10-2024,27-10-2024 16:00:00,Completed
2024/TND/GBG /044,27-10-2024,27-10-2024 10:00:00,27-10-2024,27-10-2024 16:00:00,Completed
2024/TND/GBG /058,23-10-2024,23-10-2024 10:00:00,23-10-2024,23-10-2024 16:00:00,Completed
2024/TND/GBG /043,29-10-2024,29-10-2024 10:00:00,29-10-2024,29-10-2024 16:00:00,Completed
2025/TND/GBG /084,01-02-2025,01-02-2025 10:00:00,01-02-2025,01-02-2025 16:00:00,Completed
2024/TND/GBG /059,27-10-2024,27-10-2024 10:00:00,27-10-2024,27-10-2024 16:00:00,Completed
2024/DEL/GBG /038,09-11-2024,09-11-2024 10:00:00,31-12-2024,09-11-2024 16:00:00,Completed
2024/TND/GBG /039,27-10-2024,27-10-2024 10:00:00,27-10-2024,27-10-2024 16:00:00,Completed
2025/TND/GBG /080,25-01-2025,25-01-2025 10:00:00,26-01-2025,25-01-2025 16:00:00,Completed
2024/TND/GBG /069,02-10-2024,02-10-2024 10:00:00,02-10-2024,02-10-2024 16:00:00,Completed
2024/TND/GBG /051,20-10-2024,20-10-2024 10:00:00,20-10-2024,20-10-2024 16:00:00,Completed
2024/TND/GBG /047,25-10-2024,25-10-2024 10:00:00,26-10-2024,25-10-2024 16:00:00,Completed
2024/TND/GBG /033,25-08-2024,25-08-2024 10:00:00,25-08-2024,25-08-2024 16:00:00,Completed
2024/TND/GBG /065,27-10-2024,27-10-2024 10:00:00,27-10-2024,27-10-2024 16:00:00,Completed
2024/UTR/GBG /008,02-10-2024,02-10-2024 10:00:00,02-10-2024,02-10-2024 16:00:00,Completed
2024/TND/GBG /035,29-09-2024,29-09-2024 10:00:00,29-09-2024,29-09-2024 16:00:00,Completed
2024/TND/GBG /076,21-12-2024,21-12-2024 10:00:00,21-12-2024,21-12-2024 16:00:00,Completed
2024/TND/GBG /026,26-07-2024,26-07-2024 10:00:00,27-07-2024,26-07-2024 16:00:00,Completed
2024/TND/GBG /045,27-10-2024,27-10-2024 10:00:00,27-10-2024,27-10-2024 16:00:00,Completed
2024/WEB/GBG /021,08-09-2024,08-09-2024 10:00:00,08-09-2024,08-09-2024 16:00:00,Completed
2024/TND/GBG /062,20-10-2024,20-10-2024 10:00:00,20-10-2024,20-10-2024 16:00:00,Completed
2024/TND/GBG /049,02-10-2024,02-10-2024 10:00:00,02-10-2024,02-10-2024 16:00:00,Completed
2024/TND/GBG /048,02-10-2024,02-10-2024 10:00:00,02-10-2024,02-10-2024 16:00:00,Completed
2024/TND/GBG /064,27-10-2024,27-10-2024 10:00:00,27-10-2024,27-10-2024 16:00:00,Completed
2024/TLG/GBG /00020,11-09-2024,11-09-2024 10:00:00,11-09-2024,11-09-2024 16:00:00,Completed
2024/WEB/GBG /023,05-10-2024,05-10-2024 10:00:00,05-10-2024,05-10-2024 16:00:00,Completed
2024/WEB/GBG /022,14-09-2024,14-09-2024 10:00:00,14-09-2024,14-09-2024 16:00:00,Completed
2024/WEB/GBG /026,26-10-2024,26-10-2024 10:00:00,26-10-2024,26-10-2024 16:00:00,Completed
2024/TND/GBG /050,20-10-2024,20-10-2024 10:00:00,20-10-2024,20-10-2024 16:00:00,Completed
2024/TND/GBG /068,05-10-2024,05-10-2024 10:00:00,06-10-2024,05-10-2024 16:00:00,Completed
2025/TLG/Othe/039,18-01-2025,18-01-2025 10:00:00,18-01-2025,18-01-2025 16:00:00,Completed
2024/UTR/Know/009,01-07-2024,01-07-2024 10:00:00,01-07-2024,01-07-2024 16:00:00,Completed
2024/KER/Know/003,23-04-2024,23-04-2024 10:00:00,23-04-2024,23-04-2024 16:00:00,Completed
2024/TND/Know/028,23-12-2024,23-12-2024 10:00:00,23-12-2024,23-12-2024 16:00:00,Completed
2024/TND/Know/012,15-08-2024,15-08-2024 10:00:00,15-08-2024,15-08-2024 16:00:00,Completed
2024/TND/Know/025,20-12-2024,20-12-2024 10:00:00,20-12-2024,20-12-2024 16:00:00,Completed
2024/TND/Know/020,06-12-2024,06-12-2024 10:00:00,06-12-2024,06-12-2024 16:00:00,Completed
2024/DEL/Know/008,13-10-2024,13-10-2024 10:00:00,13-10-2024,13-10-2024 16:00:00,Completed
2024/TND/GBG /066,19-10-2024,19-10-2024 10:00:00,19-10-2024,19-10-2024 16:00:00,Completed
2025/TND/GBG /078,04-01-2025,04-01-2025 10:00:00,04-01-2025,04-01-2025 16:00:00,Completed
2024/TND/GBG /046,26-10-2024,26-10-2024 10:00:00,26-10-2024,26-10-2024 16:00:00,Completed
2025/TND/GBG /089,15-02-2025,15-02-2025 10:00:00,15-02-2025,15-02-2025 16:00:00,Completed
2024/JRD/GBG /001,22-08-2024,22-08-2024 10:00:00,22-08-2024,22-08-2024 16:00:00,Completed
2024/TND/GBG /063,26-10-2024,26-10-2024 10:00:00,26-10-2024,26-10-2024 16:00:00,Completed
2025/TND/GBG /088,02-03-2025,02-03-2025 10:00:00,02-03-2025,02-03-2025 16:00:00,Completed
2025/TND/Urba/014,02-01-2025,02-01-2025 10:00:00,02-01-2025,02-01-2025 16:00:00,Completed
2024/DEL/Urba/008,03-10-2024,03-10-2024 10:00:00,03-10-2024,03-10-2024 16:00:00,Completed
,,,,#NUM!,Completed
,,,,#NUM!,Completed
,,,,#NUM!,Completed
,,,,#NUM!,Completed
,,,,#NUM!,Completed
,,,,#NUM!,Completed
,,,,#NUM!,Completed
,,,,#NUM!,Completed
,,,,#NUM!,Completed
,,,,#NUM!,Completed
,,,,#NUM!,Completed
,,,,#NUM!,Completed
,,,,#NUM!,Completed
,,,,#NUM!,Completed
,,,,#NUM!,Completed
,,,,#NUM!,Completed
,,,,#NUM!,Completed
,,,,#NUM!,Completed
,,,,#NUM!,Completed
,,,,#NUM!,Completed
,,,,#NUM!,Completed
,,,,#NUM!,Completed
,,,,#NUM!,Completed
,,,,#NUM!,Completed
,,,,#NUM!,Completed
,,,,#NUM!,Completed
,,,,#NUM!,Completed
,,,,#NUM!,Completed
,,,,#NUM!,Completed
,,,,#NUM!,Completed
,,,,#NUM!,Completed
,,,,#NUM!,Completed
,,,,#NUM!,Completed
,,,,#NUM!,Completed
,,,,#NUM!,Completed
,,,,#NUM!,Completed
,,,,#NUM!,Completed
,,,,#NUM!,Completed
,,,,#NUM!,Completed
,,,,#NUM!,Completed
,,,,#NUM!,Completed
,,,,#NUM!,Completed
,,,,#NUM!,Completed
,,,,#NUM!,Completed
,,,,#NUM!,Completed
,,,,#NUM!,Completed
,,,,#NUM!,Completed
,,,,#NUM!,Completed
,,,,#NUM!,Completed
,,,,#NUM!,Completed
,,,,#NUM!,Completed
,,,,#NUM!,Completed
,,,,#NUM!,Completed
,,,,#NUM!,Completed
,,,,#NUM!,Completed
,,,,#NUM!,Completed
,,,,#NUM!,Completed
,,,,#NUM!,Completed
,,,,#NUM!,Completed
,,,,#NUM!,Completed
,,,,#NUM!,Completed
,,,,#NUM!,Completed
,,,,#NUM!,Completed
,,,,#NUM!,Completed
,,,,#NUM!,Completed
,,,,#NUM!,Completed
,,,,#NUM!,Completed
,,,,#NUM!,Completed
,,,,#NUM!,Completed
,,,,#NUM!,Completed
,,,,#NUM!,Completed
,,,,#NUM!,Completed
,,,,#NUM!,Completed
,,,,#NUM!,Completed
,,,,#NUM!,Completed
,,,,#NUM!,Completed
,,,,#NUM!,Completed
,,,,#NUM!,Completed
,,,,#NUM!,Completed
,,,,#NUM!,Completed
,,,,#NUM!,Completed
,,,,#NUM!,Completed
,,,,#NUM!,Completed
,,,,#NUM!,Completed
,,,,#NUM!,Completed
,,,,#NUM!,Completed
,,,,#NUM!,Completed
,,,,#NUM!,Completed
,,,,#NUM!,Completed
,,,,#NUM!,Completed
,,,,#NUM!,Completed